{"schemaVersion":"1.0","appDefinitionTemplate":{"id":"/providers/Microsoft.PowerApps/apps/","type":"Microsoft.PowerApps/apps","tags":{"primaryDeviceWidth":"1366","primaryDeviceHeight":"768","supportsPortrait":"true","supportsLandscape":"true","primaryFormFactor":"Tablet","showStatusBar":"false","publisherVersion":"3.24042.30","minimumRequiredApiVersion":"2.2.0","hasComponent":"false","hasUnlockedComponent":"false","isUnifiedRootApp":"false","sienaVersion":"20240427T154348Z-3.24042.30.0","offlineLargeFilesSupport":"false"},"properties":{"appVersion":"2024-04-27T15:43:48Z","lifeCycleId":"Published","createdByClientVersion":{"major":3,"minor":24042,"build":30,"revision":0,"majorRevision":0,"minorRevision":0},"minClientVersion":{"major":3,"minor":24042,"build":30,"revision":0,"majorRevision":0,"minorRevision":0},"backgroundColor":"RGBA(0,176,240,1)","backgroundImageUri":"/10239094052383511745/Nf47f50b1-1584-40c1-8a18-011ae6d75f9d-logoSmallFile","displayName":"SISTEMA_GESTION_Test3","description":"Empower business users to manage and track their workforce with SISTEMA_GESTION. Easily register and update operator information, schedule and track training sessions, and filter and view data with intuitive components and screens. Keep your workforce organized and efficient with SISTEMA_GESTION.","commitMessage":"","appUris":{"documentUri":{"value":"/10239094052383511745/Nb8481162-db65-4682-9173-6b4ea3b0af7c-document.msapp"},"imageUris":[],"additionalUris":[{"isSolutionAware":false,"value":"/10239094052383511745/Nffcfd608-44e1-4cef-a1f7-2398a49ff3aa-identity.json"}]},"createdTime":"0001-01-01T00:00:00Z","lastModifiedTime":"0001-01-01T00:00:00Z","sharedGroupsCount":0,"sharedUsersCount":0,"connectionReferences":{"ab450d23-9b01-4fb3-b610-994835b397ab":{"id":"242708c5-2204-4900-8dff-7d4cbb46d835","displayName":"SharePoint","iconUri":"https://connectoricons-prod.azureedge.net/releases/v1.0.1685/1.0.1685.3700/sharepointonline/icon.png","dataSources":["BD_OPERADORES","BD_ESTADO_OPERADORES","BD-REGISTRO-NOTAS-ENTRENAMIENTO","BD-HORAS-ENTRENAMIENTO","BD-MONITOREOS","BD_OTRAS_CAPACITACIONES","BD_OTRAS_CAPACITACIONES_1","Documents","Documents_1","Documents_2"],"dependencies":[],"dependents":[],"parameterHints":{},"parameterHintsV2":{},"isOnPremiseConnection":false,"bypassConsent":false,"dataSets":{"https://minerachinalco.sharepoint.com/sites/TRAINING-TEST":{"dataSources":{"BD_OPERADORES":{"tableName":"78d49dbf-4411-432b-bdf2-dcf3995446e2"},"BD_ESTADO_OPERADORES":{"tableName":"4067572f-ea8d-42d3-b345-48850f95e306"},"BD-REGISTRO-NOTAS-ENTRENAMIENTO":{"tableName":"107f0d73-f2eb-4544-b120-3887d022a038"},"BD-HORAS-ENTRENAMIENTO":{"tableName":"a16a4202-a530-4d26-b606-0f7804d8e115"},"BD-MONITOREOS":{"tableName":"833ea8c7-8e52-4185-a14a-e936f87e0112"},"BD_OTRAS_CAPACITACIONES":{"tableName":"3985b4ad-0f46-4632-b7a6-2d968caea041"},"BD_OTRAS_CAPACITACIONES_1":{"tableName":"3985b4ad-0f46-4632-b7a6-2d968caea041"}}},"https://minerachinalco.sharepoint.com/sites/MINA-C.Entrenamiento":{"dataSources":{"Documents":{"tableName":"72775eaa-3585-4f4b-90f1-b801f059fabc"},"Documents_1":{"tableName":"72775eaa-3585-4f4b-90f1-b801f059fabc"},"Documents_2":{"tableName":"72775eaa-3585-4f4b-90f1-b801f059fabc"}}}},"apiTier":"Standard","isCustomApiConnection":false,"actions":["providers/PowerPlatform.Governance/Operations/Read","providers/PowerPlatform.Governance/Operations/Write","providers/PowerPlatform.Governance/Operations/Delete"]},"77d0eead-ad33-48d2-885e-99befb4c7ef3":{"id":"33381ef7-c735-42aa-8c5c-5c28c5e3b140","displayName":"Excel Online (Business)","iconUri":"https://connectoricons-prod.azureedge.net/releases/v1.0.1680/1.0.1680.3652/excelonlinebusiness/icon.png","dataSources":["TablaItem"],"dependencies":[],"dependents":[],"parameterHints":{},"parameterHintsV2":{},"isOnPremiseConnection":false,"bypassConsent":false,"dataSets":{"sites%252Fminerachinalco.sharepoint.com%252Cb44a5e5a-027a-41ae-801c-60dd8a199d4e%252Cda81807b-4033-4d01-b32f-750caf6d6517,b%2521Wl5KtHoCrkGAHGDdihmdTnuAgdozQAFNsy91DK9tZReqXndyhTVLT5DxuAHwWfq8,01GCQFW7RRVJKEAXHO5RCLX5HCRPZ3YHGG":{"dataSources":{"TablaItem":{"tableName":"{BD615717-F273-44E6-BCC5-D1DFFF5B5F61}"}}}},"apiTier":"Standard","isCustomApiConnection":false}},"databaseReferences":{},"almMode":"Environment","performanceOptimizationEnabled":true,"canConsumeAppPass":true,"enableModernRuntimeMode":false,"executionRestrictions":{"isTeamsOnly":false,"dataLossPreventionEvaluationResult":{"status":"Compliant","lastEvaluationDate":"2024-04-01T13:00:54.7516584Z","violations":[],"violationsByPolicy":[],"violationErrorMessage":"The app uses the following connectors: shared_sharepointonline, shared_excelonlinebusiness, shared_logicflows, shared_commondataservice."},"httpActionRestriction":{"appUsesSharepointHttpAction":false,"enforcementStrategy":"Legacy","evaluationTime":"2024-04-01T13:00:54.7514906Z"}}},"appType":"ClassicCanvasApp","appComponents":[]}}